<?xml version="1.0" encoding="UTF-8"?>
<project-private xmlns="http://www.netbeans.org/ns/project-private/1">
    <editor-bookmarks xmlns="http://www.netbeans.org/ns/editor-bookmarks/2" lastBookmarkId="0"/>
    <open-files xmlns="http://www.netbeans.org/ns/projectui-open-files/2">
        <group>
            <file>file:/home/johnson/NetBeansProjects/night/src/java/WardenLogin.java</file>
            <file>file:/home/johnson/NetBeansProjects/night/web/OutpassIssued.jsp</file>
            <file>file:/home/johnson/NetBeansProjects/night/src/java/Validate.java</file>
            <file>file:/home/johnson/NetBeansProjects/night/src/java/WardenRegistration.java</file>
            <file>file:/home/johnson/NetBeansProjects/night/src/java/demo/Check.java</file>
            <file>file:/home/johnson/NetBeansProjects/night/src/java/ValidateWarden.java</file>
            <file>file:/home/johnson/NetBeansProjects/night/src/java/demo/checkStudent.java</file>
            <file>file:/home/johnson/NetBeansProjects/night/src/java/submitToWarden.java</file>
            <file>file:/home/johnson/NetBeansProjects/night/src/java/StudentRegistration.java</file>
            <file>file:/home/johnson/NetBeansProjects/night/src/java/StudentLogin.java</file>
            <file>file:/home/johnson/NetBeansProjects/night/web/StatusCheck.jsp</file>
        </group>
    </open-files>
</project-private>
